title,link
Barkha Singh - Wikipedia,https://encrypted-tbn0.gstatic.com/images?q=tbn:ANd9GcTRkftmQc9Zev_elmb8OgLftfyRnGQ4WotqZQzBAfoNbWic4B9BWkrrfKms0PM&s
Barkha Singh: It was fun to...,https://encrypted-tbn0.gstatic.com/images?q=tbn:ANd9GcRMzbSVCjXTpDUZK47cXPyY4XLRQPdf41Da4nG3q682_Oc6Gt94b79TjCivfz8&s
"Barkha Singh - Ladies,...",https://encrypted-tbn0.gstatic.com/images?q=tbn:ANd9GcTl3X13xyAsRpqRoCLQinTeDWgLMBQEoKmksGzK1g1cQ_5Miic-ifaHKpvWFbs&s
Barkha Singh: OTT platforms...,https://encrypted-tbn0.gstatic.com/images?q=tbn:ANd9GcSWpRPsVT7FUKQvrc19wFoFPbT_xML-NJpkrzYwCunyCYcURFdDCnQS5GOtzw&s
Barkha Singh: Here's...,https://encrypted-tbn0.gstatic.com/images?q=tbn:ANd9GcRm90imv8b9J1mHIPNerWSAZ_aIuXRJYCRa9l9e4StM1UILp49O0a5Q059gC88&s
Beautiful Barkha Singh |...,https://encrypted-tbn0.gstatic.com/images?q=tbn:ANd9GcSKtEPck-6qgzenvDdz-k7SkSwrr-39x6Xn33HzDrONSbW3bzlmSCFcLlG-U_4&s
Barkha Singh - Sari with...,https://encrypted-tbn0.gstatic.com/images?q=tbn:ANd9GcT_-IPJgsDMK2kfne-lBxfXS3OEdL9a-IevDeGjvEBjPCdEcFVisWCAzdfA-yE&s
Barkha Singh...,https://encrypted-tbn0.gstatic.com/images?q=tbn:ANd9GcTgBvROrdL0TjuWj5K0ifN-LLABeRIhkSbpK6QPTurbCcqbmHH-LHP-KAhOPQ&s
"Barkha Singh Wiki,...",https://encrypted-tbn0.gstatic.com/images?q=tbn:ANd9GcQyLtpEaRh2kL_h5QoZVMsZaflUnO_pnTT67_qG1Pq9c2G-v5zZegRgA2EQIA&s
Barkha Singh - IMDb,https://encrypted-tbn0.gstatic.com/images?q=tbn:ANd9GcRoNTdy2uQCsg31S3b0mifisIOsaIekfc9vaSwJAsfeYqAcJ7NgbmOGfR-inw&s
"Barkha Singh Bio, Age,...",https://encrypted-tbn0.gstatic.com/images?q=tbn:ANd9GcRf98IFNv3hv072nI5zukAWq03kHiveJ3Izn8mmqXnv5RPz2M970Db9jzjAMxA&s
Barkha Singh Wallpapers -...,https://encrypted-tbn0.gstatic.com/images?q=tbn:ANd9GcREIi5UOQ07XxMP0e4YGFGFLZIkGEmVBz0QTXu9CnOyEbkqPBFeQLUYtdlkUg&s
Barkha Singh...,https://encrypted-tbn0.gstatic.com/images?q=tbn:ANd9GcScVr7lTiDGPKRaiGCnsMz4cg1f75cJV1bEm-jPrldKRvfy5mTUSg0zZGebsQ&s
What are some stunning...,https://encrypted-tbn0.gstatic.com/images?q=tbn:ANd9GcRALslhG9fMPzZoyvLs0TWiqemKseRCk5QWbiaPYalynRQukdduen6drphiXG4&s
Barkha Singh (Youtuber)...,https://encrypted-tbn0.gstatic.com/images?q=tbn:ANd9GcSs-sqU0ag-KhxpvZ0jqV6ZJ-p4ZITkykN4fRHhmeWJl5EZ-FVUPzL3S9P5w0Y&s
barkha Singh...,https://encrypted-tbn0.gstatic.com/images?q=tbn:ANd9GcQNsqQGXDxMhWk8s4qOMWWt2egbihJ1O0DKfSFzaTmmJD2sb3bvOP6Ljr0meg&s
"Barkha Singh Age, Family,...",https://encrypted-tbn0.gstatic.com/images?q=tbn:ANd9GcRISXT83ZuCx1Gixr2KSFIcVJE2ACsgErW5lCKbA8XawgX70keFvtgGxQbD-g&s
Barkha Singh - Home |...,https://encrypted-tbn0.gstatic.com/images?q=tbn:ANd9GcRTCxOHu_CTFK-Fzsv5UAmc4z2echcx6ajaZWxnHI4L259nccApWfHjb17lKDI&s
Barka Singh Hot And Sexy...,https://encrypted-tbn0.gstatic.com/images?q=tbn:ANd9GcRsARtnOkXIMST0jxdLGY3WdwrgehNLp1KdUotf6TNdDi4PFRFr4SwRCe6FVYY&s
Barkha Singh,https://encrypted-tbn0.gstatic.com/images?q=tbn:ANd9GcSz4N-RTzIh3IQOqVKM6pNyoPHiZCRO2CbnbKraYaiBAJANVYF-4RSueZ0YJ90&s
